{"cameraMode":{"drawMode":0,"name":"Shaded","section":"Shading Mode"},"sceneLighting":false,"audioPlay":false,"sceneViewState":{"m_AlwaysRefresh":false,"showFog":true,"showSkybox":false,"showFlares":true,"showImageEffects":true,"showParticleSystems":true,"showVisualEffectGraphs":true,"m_FxEnabled":true},"in2DMode":false,"pivot":{"x":-0.008009672164916993,"y":1.881157398223877,"z":0.009574413299560547},"rotation":{"x":-0.03661618381738663,"y":0.24829083681106568,"z":-0.009389213286340237,"w":-0.9679513573646545},"size":4.368022441864014,"orthographic":false}