{"cameraMode":{"drawMode":0,"name":"Shaded","section":"Shading Mode"},"sceneLighting":false,"audioPlay":false,"sceneViewState":{"m_AlwaysRefresh":false,"showFog":true,"showSkybox":false,"showFlares":true,"showImageEffects":true,"showParticleSystems":true,"showVisualEffectGraphs":true,"m_FxEnabled":true},"in2DMode":false,"pivot":{"x":0.06241035461425781,"y":9.940839767456055,"z":-0.033329010009765628},"rotation":{"x":-0.07196089625358582,"y":0.08874808996915817,"z":-0.006423813756555319,"w":-0.993435263633728},"size":13.55133056640625,"orthographic":false}